<?xml version="1.0" encoding="UTF-8" ?>
<!DOCTYPE mapper
  PUBLIC "-//mybatis.org//DTD Mapper 3.0//EN"
  "http://mybatis.org/dtd/mybatis-3-mapper.dtd">
<mapper namespace="resource.BackstreetMapper">

 	<!-- change -->
 	<select id="changeConsulting1"  resultType="string">
 		select change_coname from change where area_id= #{area_id} and q_id=2
 	</select><!-- 다이나믹 -->
 	
 	 <select id="changeConsulting2"  resultType="_int">
 		select oper_month from change where area_id= #{area_id} and q_id=2
 	</select><!-- 영업개월  -->
 	
 	 <select id="changeConsulting3"  resultType="_int">
 		select close_month from change where area_id= #{area_id} and q_id=2
 	</select><!-- 폐업 개월 -->
 <!-- change 끝-->
 
 <!-- area -->
 	<select id="areaConsulting1"  resultType="string">
 		select area_coname from area where area_id= #{area_id}
 	</select><!-- 지역명  -->
 
 	 <select id="areaConsulting2"  resultType="_int">
 		select change_id from change where area_id= #{area_id} and q_id=2
 	</select><!-- 4가지 상권 구분 1~4 -->
  <!-- area 끝-->
  
 <!-- service -->
 	 <select id="serviceConsulting1"  resultType="string">
 		select serv_coname from service where serv_id= #{serv_id}
 	</select>
 <!-- service 끝-->
 	
 <!-- job -->
	<select id="jobConsulting1" resultType="_int">
		select all_job_num from job where area_id= #{area_id} and q_id=2
	</select>
 <!-- job 끝 -->
 	
 <!--View -->
 	<select id="changeViewConsulting1" resultType="_float">
 		select oper_month_avg from change_view
 	</select> <!-- 영업개월 평균 -->
 	
 	 <select id="changeViewConsulting2" resultType="_float">
 		select close_month_avg from change_view
 	</select> <!-- 폐업개월 평균 -->
 	
 	<select id="jobViewConsulting1" resultType="_int">
 		select all_job_num_avg from job_view
 	</select>
 <!-- View 끝 -->
 	
 	<!-- 상권분석 내용 -->
 	<select id="sales_1Area1"  resultType="vo.salesVO">
 		select month_sal_money, month_sal_num, wday_sal_money, wkend_sal_money,m_sal_money, w_sal_money from sales_1 where area_id= #{area_id} and serv_id=#{serv_id} and q_id=2
 	</select>
 	
 	<select id="sales_2Area1"  resultType="vo.salesVO">
 		select sal_money_10, sal_money_20, sal_money_30, sal_money_40, sal_money_50, sal_money_60 from sales_2 where area_id= #{area_id} and serv_id=#{serv_id} and q_id=2
 	</select>
 	
 	 <select id="sales_3Area1"  resultType="vo.salesVO">
 		select wday_sal_num,wkend_sal_num, m_sal_num, w_sal_num from sales_3 where area_id= #{area_id} and serv_id=#{serv_id} and q_id=2
 	</select>
 	
 	<select id="sales_4Area1"  resultType="vo.salesVO">
 		select sal_num_10, sal_num_20, sal_num_30, sal_num_40, sal_num_50, sal_num_60 from sales_4 where area_id= #{area_id} and serv_id=#{serv_id} and q_id=2
 	</select>
 	
 	<select id="area_Area1"  resultType="vo.areaVO">
 		select area_coname from area where area_id= #{area_id}
 	</select>

 	<select id="service_Area1"  resultType="vo.serviceVO">
 		select serv_coname from service where serv_id= #{serv_id}
 	</select>
 	 	
</mapper>





